Ana;Pérez García;4;ana.perez@email.com
Luis;Rodríguez;3;luis.rodriguez@email.com
María;López;5;maria.lopez@email.com
Fernando;García;2;fernando.garcia@email.com
Rosa;Ramírez;1;rosa.ramirez@email.com
Sergio;González;0;sergio.gonzalez@email.com
Clara;Olivares;4;clara.olivares@email.com
Pablo;Sánchez;3;pablo.sanchez@email.com
Elena;Vázquez;5;elena.vazquez@email.com
Antonio;Martínez;2;antonio.martinez@email.com
